Path,Page
pages\headphones\cards\770uber.html,"Наушники Custom Cans Uber DT770 с модифицированными драйверами и съемным литцендратным кабелем"
pages\headphones\cards\880uber.html,"Наушники Custom Cans Uber DT880 с модифицированными драйверами и съемным балансным кабелем"
pages\headphones\cards\990uber.html,"Наушники Custom Cans Uber DT990 с модифицированными драйверами и съемным сбалансированным кабелем"
pages\headphones\cards\hifiman400.html,"Модифицированный HiFiMan HE400se с SuperGrills и оголовьем"
pages\headphones\cards\HifimanArya.html,"Модифицированная версия HiFiMan Edition XS с опциями для сбалансированных кабелей"
pages\headphones\cards\hifimanxs.html,"Модифицированная версия HiFiMan Edition XS с опциями для сбалансированных кабелей"
pages\headphones\cards\senhizer25white.html,"Глянцевые белые наушники Sennheiser HD25 с вашим логотипом на чашке наушников"
pages\headphones\cards\senhizer25twist.html,"Наушники Sennheiser HD25 с синим оттенком"
pages\headphones\cards\senhizer25alumin.html,"Sennheiser HD25 с алюминиевыми амбушюрами и шарнирами"
pages\accessories\Cards\1.html,"Astell and Kern Cable 2.5mm + 3.5mm to Balanced XLR"
pages\accessories\Cards\2.html,"Ultra-low capacitance Astell and Kern 2.5mm + 3.5mm to Balanced XLR cable"
pages\accessories\Cards\3.html,"Ultra-low capacitance cable for connecting Meze headphones to balanced output"
pages\accessories\Cards\4.html,"Ultra-low capacitance headphone cable with 3.5mm mono jacks for Meze headphones"
pages\accessories\Cards\5.html,"Ultimate cable for Focal Utopia"
pages\accessories\Cards\6.html,"Ultimate adapter for balanced Headphone cable to balanced/unbalanced source"
pages\Mods\Cards\1.html,"3D Printed HiFiMan HE400se Super Grills"
pages\Mods\Cards\2.html,"HiFiMan Bundle Edition XS Super Grills and HifiMan Comfort Headband Strap"
pages\Mods\Cards\3.html,"Beyerdynamic DT770 Mass loading and damping kit V2 Mod Kit by Custom Cans"
pages\Mods\Cards\4.html,"Beyerdynamic DT770 Mass loading and damping kit V3 Mod Kit by Custom Cans"
pages\Mods\Cards\5.html,"DIY Detachable 3 pin cable kit for Beyerdynamic DT770 DT880 DT990"
pages\Mods\Cards\6.html,"HD600 / HD650 CNC Copper Mass loading mod DIY kit"
